2007-01-01;N/A;N/A
2007-01-06;N/A;N/A
2007-01-07;N/A;N/A
2007-01-13;N/A;N/A
2007-01-14;N/A;N/A
2007-01-20;N/A;N/A
2007-01-21;N/A;N/A
2007-01-27;N/A;N/A
2007-01-28;N/A;N/A
2007-02-03;N/A;N/A
2007-02-04;N/A;N/A
2007-02-10;N/A;N/A
2007-02-11;N/A;N/A
2007-02-17;N/A;N/A
2007-02-18;N/A;N/A
2007-02-24;N/A;N/A
2007-02-25;N/A;N/A
2007-03-03;N/A;N/A
2007-03-04;N/A;N/A
2007-03-10;N/A;N/A
2007-03-11;N/A;N/A
2007-03-17;N/A;N/A
2007-03-18;N/A;N/A
2007-03-24;N/A;N/A
2007-03-25;N/A;N/A
2007-03-31;N/A;N/A
2007-04-01;N/A;N/A
2007-04-06;N/A;N/A
2007-04-07;N/A;N/A
2007-04-08;N/A;N/A
2007-04-09;N/A;N/A
2007-04-14;N/A;N/A
2007-04-15;N/A;N/A
2007-04-21;N/A;N/A
2007-04-22;N/A;N/A
2007-04-28;N/A;N/A
2007-04-29;N/A;N/A
2007-05-01;N/A;N/A
2007-05-03;N/A;N/A
2007-05-05;N/A;N/A
2007-05-06;N/A;N/A
2007-05-12;N/A;N/A
2007-05-13;N/A;N/A
2007-05-19;N/A;N/A
2007-05-20;N/A;N/A
2007-05-26;N/A;N/A
2007-05-27;N/A;N/A
2007-06-02;N/A;N/A
2007-06-03;N/A;N/A
2007-06-07;N/A;N/A
2007-06-09;N/A;N/A
2007-06-10;N/A;N/A
2007-06-16;N/A;N/A
2007-06-17;N/A;N/A
2007-06-23;N/A;N/A
2007-06-24;N/A;N/A
2007-06-30;N/A;N/A
2007-07-01;N/A;N/A
2007-07-07;N/A;N/A
2007-07-08;N/A;N/A
2007-07-14;N/A;N/A
2007-07-15;N/A;N/A
2007-07-21;N/A;N/A
2007-07-22;N/A;N/A
2007-07-28;N/A;N/A
2007-07-29;N/A;N/A
2007-08-04;N/A;N/A
2007-08-05;N/A;N/A
2007-08-11;N/A;N/A
2007-08-12;N/A;N/A
2007-08-15;N/A;N/A
2007-08-18;N/A;N/A
2007-08-19;N/A;N/A
2007-08-25;N/A;N/A
2007-08-26;N/A;N/A
2007-09-01;N/A;N/A
2007-09-02;N/A;N/A
2007-09-08;N/A;N/A
2007-09-09;N/A;N/A
2007-09-15;N/A;N/A
2007-09-16;N/A;N/A
2007-09-22;N/A;N/A
2007-09-23;N/A;N/A
2007-09-29;N/A;N/A
2007-09-30;N/A;N/A
2007-10-06;N/A;N/A
2007-10-07;N/A;N/A
2007-10-13;N/A;N/A
2007-10-14;N/A;N/A
2007-10-20;N/A;N/A
2007-10-21;N/A;N/A
2007-10-27;N/A;N/A
2007-10-28;N/A;N/A
2007-11-01;N/A;N/A
2007-11-03;N/A;N/A
2007-11-04;N/A;N/A
2007-11-10;N/A;N/A
2007-11-11;N/A;N/A
2007-11-17;N/A;N/A
2007-11-18;N/A;N/A
2007-11-24;N/A;N/A
2007-11-25;N/A;N/A
2007-12-01;N/A;N/A
2007-12-02;N/A;N/A
2007-12-08;N/A;N/A
2007-12-09;N/A;N/A
2007-12-15;N/A;N/A
2007-12-16;N/A;N/A
2007-12-22;N/A;N/A
2007-12-23;N/A;N/A
2007-12-24;N/A;N/A
2007-12-25;N/A;N/A
2007-12-26;N/A;N/A
2007-12-29;N/A;N/A
2007-12-30;N/A;N/A
2007-12-31;N/A;N/A
